Store_Name,Address,lat,lgt,center_latitude,center_longitude,NumPanels,YearlyEnergy,SolarArea
Abercorn,"11152 Abercorn St, Savannah, GA 31419",31.9806088,-81.1437232,31.980611499999995,-81.14372279999999,98,60382.832,192.42838
Acworth,"3295 Cobb Pkwy NW, Acworth, GA 30101",34.0342075,-84.6787629,34.034204700000004,-84.6787887,66,39036.93,129.59462
Akers Mill Drive-Thru Only,"2975 Cobb Pkwy SE, Atlanta, GA 30339",33.8807272,-84.4609,33.880766,-84.46091249999999,19,10797.524,37.30754
Albany,"2609 Dawson Rd, Albany, GA 31707",31.6149805,-84.2171468,31.614617700000004,-84.216484,859,551422.4,1686.6936
Albany State University,"504 College Dr, Albany, GA 31705",31.5694324,-84.14170829999999,31.569262400000003,-84.1418621,1055,667288.2,2071.5503
Alpharetta Commons,"4285 State Bridge Rd, Alpharetta, GA 30022",34.0571575,-84.23292049999999,34.0571625,-84.23292099999999,89,51920.957,174.75638
Americus [GA],"736 E Forsyth St, Americus, GA 31709",32.0740826,-84.2211921,32.0737929,-84.2202088,464,283568.94,911.0895
Arbor Place,"6700 Douglas Blvd Ste 210, Douglasville, GA 30135",33.7277049,-84.7457428,33.7277462,-84.7457819,24620,14940878,48342.72
AT&T Center OCV,"725 W Peachtree St NE, Atlanta, GA 30308",33.7739924,-84.3866474,33.7743362,-84.3867878,2132,1007519.8,4186.299
Athens/Atlanta Highway,"3637 Atlanta Hwy, Athens, GA 30606",33.938384,-83.45638660000002,33.9384516,-83.4563141,103,64170.668,202.24615
Augusta Exchange,"202 Robert C Daniel Jr Pkwy, Augusta, GA 30909",33.4918953,-82.0780999,33.4919017,-82.07809429999999,62,36661.055,121.7404
Augusta Mall,"3450 Wrightsboro Rd, Augusta, GA 30909",33.4636223,-82.0788051,33.463218399999995,-82.0790304,20820,12939655,40881.21
Austell Road,"3951 Austell Rd, Austell, GA 30106",33.857905,-84.5998699,33.8578842,-84.599936,203,115243.45,398.60162
Avalon,"2720 Old Milton Pkwy, Alpharetta, GA 30009",34.0692784,-84.28097559999999,34.069292,-84.2809858,136,72906.88,267.04346
Bainbridge,"1451 Tallahassee Hwy, Bainbridge, GA 39819",30.8847713,-84.56498479999999,30.884764899999997,-84.5649975,36,22712.963,70.68797
Bankhead Hwy,"1156 Bankhead Hwy, Carrollton, GA 30116",33.5959486,-85.0386151,33.5959505,-85.0386071,154,90467.27,302.38745
Barnett Shoals,"1870 Barnett Shoals Rd, Athens, GA 30605",33.9245785,-83.3399853,33.9245604,-83.3395341,155,96628.18,304.351
Barrett Parkway,"830 Ernest W Barrett Pkwy NW, Kennesaw, GA 30144",34.00706,-84.5739286,34.007070999999996,-84.573831,270,151739.06,530.1598
Bass Road,"1569 Bass Rd, Macon, GA 31210",32.9260433,-83.735365,32.9260594,-83.7353839,115,68290.7,225.8088
Beechwood,"196 Alps Rd, Athens, GA 30606",33.9449486,-83.4094121,33.944941299999996,-83.4093895,99,61284.605,194.39194
Berry College,"2277 Martha Berry Hwy NW, Mount Berry, GA 30149",34.28942,-85.1931705,34.2894442,-85.193426,212,117055.445,416.27362
Blairsville,"152 Highway 515 E, Blairsville, GA 30512",34.8765435,-83.9614514,34.8766898,-83.9617444,97,45829.23,190.46483
Bradley Park Drive,"1600 Bradley Park Dr, Columbus, GA 31904",32.5318413,-84.96810959999999,32.5318442,-84.96811009999999,69,41987.08,135.48529
Braselton,"2600 Old Winder Hwy, Braselton, GA 30517",34.1195756,-83.8263458,34.1199891,-83.8255416,221,137020,433.94562
Bremen,"89 US Highway 27 Byp, Bremen, GA 30110",33.6879026,-85.1502084,33.687695399999996,-85.15014529999999,234,131743.77,459.47183
Brookhaven,"4046 Peachtree Rd NE, Brookhaven, GA 30319",33.8610547,-84.3400518,33.8610587,-84.34002459999999,307,179668.05,602.81134
Brookstone,"1790 Mars Hill Rd NW, Acworth, GA 30101",33.9985763,-84.704453,33.9985838,-84.7044322,64,35980.78,125.66751
Brunswick (GA),"70 Golden Isles Plz, Brunswick, GA 31520",31.2115588,-81.49076319999999,31.211566500000004,-81.4907769,103,64431.09,202.24615
Buford,"1615 Buford Hwy, Buford, GA 30518",34.098467,-84.0104739,34.0987643,-84.0095607,123,70919.13,241.51724
Byron [GA],"402 GA Highway 49 N, Byron, GA 31008",32.6626674,-83.7390095,32.6624136,-83.7393941,68,42494.227,133.52173
Calhoun,"495 Highway 53 E, Calhoun, GA 30701",34.4749453,-84.92801,34.4749386,-84.9280141,88,53076.992,172.79283
Camp Creek Parkway,"3410 Camp Creek Pkwy, Atlanta, GA 30344",33.656436,-84.5016629,33.6564603,-84.50166960000001,84,45551.496,164.93861
Canton Marketplace,"2048 Cumming Hwy, Canton, GA 30115",34.2361792,-84.4534882,34.2361335,-84.45350499999999,77,43942.383,151.19373
Carrollton,"1316 S Park St, Carrollton, GA 30117",33.554566,-85.072209,33.5546511,-85.07227879999999,9,5254.849,17.671993
Cascade Road,"3725 Cascade Rd SW, Atlanta, GA 30331",33.7244757,-84.51121169999999,33.724473599999996,-84.5112125,104,58658.242,204.2097
Cedartown [GA],"1610 Rome Hwy, Cedartown, GA 30125",34.0477576,-85.2353303,34.0476959,-85.23508029999999,53,31872.086,104.068405
Chamblee Plaza,"5450 Peachtree Industrial Blvd, Chamblee, GA 30341",33.9578746,-84.2123801,33.9572229,-84.2132779,653,387479.63,1282.2013
Chastain Road In-Line DT,"600 Chastain Rd NW Ste 100, Kennesaw, GA 30144",34.0369882,-84.5696724,34.0369277,-84.56957919999999,198,112871.94,388.78387
Chastain Square,"4285 Roswell Rd NE, Atlanta, GA 30342",33.8718466,-84.3805299,33.87186,-84.3805254,519,311497.03,1019.08496
Cherokee Place,"115 Cherokee Pl, Cartersville, GA 30121",34.1712186,-84.7863399,34.17115,-84.7858599,922,569339.75,1810.3976
Children's Hospital of Georgia,"1446 Harper St, Augusta, GA 30912",33.4711973,-81.987893,33.4707565,-81.9877327,7,4016.3625,13.7448845
Clayton,"151 Highway 441 N, Clayton, GA 30525",34.880374,-83.3970794,34.880380699999996,-83.3971018,114,68054.664,223.84526
Cleveland (GA),"25 W Underwood St, Cleveland, GA 30528",34.595049,-83.7638097,34.595050199999996,-83.7638169,115,69474.46,225.8088
Cleveland Avenue,"1065 Cleveland Ave, East Point, GA 30344",33.6817951,-84.4239609,33.681813,-84.4239674,90,47916.17,176.71994
CNN Center,"1 Cnn Ctr NW Ste 224, Atlanta, GA 30303",33.758129,-84.3943694,33.7578441,-84.39476979999999,5128,2781851,10069.109
College Football Hall of Fame,"256 Marietta St NW, Atlanta, GA 30313",33.7604153,-84.3954498,33.7601957,-84.3955103,2603,1501454.9,5111.1333
Colony Square,"1175 Peachtree St NE, Atlanta, GA 30361",33.7869752,-84.3827183,33.786938299999996,-84.3827099,479,229829.97,940.5428
Columbus Park Crossing,"5520 Whittlesey Blvd, Columbus, GA 31909",32.5452239,-84.94508019999999,32.545228,-84.94509719999999,105,62735.9,206.17326
Columbus State University,"4225 University Ave, Columbus, GA 31907",32.5023087,-84.9414487,32.5026155,-84.9416517,474,295292.38,930.725
Commerce,"30563 Highway 441 S, Commerce, GA 30529",34.2576527,-83.46373170000001,34.257657699999996,-83.46372850000002,107,65095.88,210.10037
Conyers,"1536 Highway 138 SE, Conyers, GA 30013",33.6498024,-84.00972639999999,33.6496882,-84.00929300000001,186,107876.07,365.2212
Cordele,"1711 E 16th Ave, Cordele, GA 31015",31.9609019,-83.7544693,31.9610379,-83.75443469999999,126,72352.484,247.40791
Cornelia,"330 Furniture Plaza Dr, Cornelia, GA 30531",34.5358727,-83.53468149999999,34.535872,-83.53467880000001,122,74112.8,239.5537
Covington (GA),"4102 Highway 278 NW, Covington, GA 30014",33.6034699,-83.8660201,33.603473099999995,-83.8660262,170,102967.98,333.80432
Covington Town Center,"11500 Town Center Drive, Covington, GA 30014",33.620113,-83.8403529,33.6191824,-83.8385064,4813,3025923.3,9450.59
Coweta Crossroads,"5 Glenda Trce, Newnan, GA 30265",33.4091293,-84.685892,33.409138899999995,-84.68592369999999,107,62121.24,210.10037
Cumberland Mall,"2860 Cumberland Mall SE Ste 1324, Atlanta, GA 30339",33.87976829999999,-84.46785990000001,33.8802012,-84.46859959999999,20227,12178606,39716.824
Dacula,"545 Dacula Rd, Dacula, GA 30019",34.0002637,-83.9082099,34.0002683,-83.90820649999999,63,36570.914,123.70396
Dahlonega,"488 Morrison Moore Pkwy E, Dahlonega, GA 30533",34.5343259,-83.9757283,34.5343276,-83.9757855,137,77116.73,269.00702
Dallas (GA),"300 Charlie Watts Dr, Dallas, GA 30157",33.90794959999999,-84.8226571,33.9079596,-84.8226538,74,42966.035,145.30305
Dalton,"1429 W Walnut Ave, Dalton, GA 30720",34.7598377,-84.9946093,34.759778,-84.9943284,161,95073.58,316.13232
Dalton Mall,"816 Walnut Square Blvd Ste 59, Dalton, GA 30721",34.758607,-84.93352720000001,34.7588814,-84.9333465,18594,11144096,36510.34
Dawsonville,"231 Power Center Dr, Dawsonville, GA 30534",34.3567254,-84.04444610000002,34.3567148,-84.0444298,130,76857.22,255.26213
Delta Air Lines Headquarters,"1030 Delta Blvd, Atlanta, GA 30354",33.656213,-84.4238195,33.6562193,-84.4240785,3841,2275817,7542.014
Doraville Plaza,"5700 Buford Hwy Ne, Doraville, GA 30340",33.9076345,-84.2691001,33.9076579,-84.2691129,70,40196.746,137.44884
Douglas [GA],"1305 Peterson Ave S, Douglas, GA 31533",31.4909572,-82.8514837,31.489889,-82.85169030000002,637,390020.38,1250.7844
Douglasville,"3202 Highway 5, Douglasville, GA 30135",33.7173488,-84.76417339999999,33.7172914,-84.7641747,445,241993.19,873.7819
Downtown Athens In-Line,"101 College Ave, Athens, GA 30601",33.9579795,-83.375638,33.957909799999996,-83.3756915,405,232964.55,795.23975
Downtown Decatur,"105 E Trinity Pl, Decatur, GA 30030",33.7730408,-84.2960895,33.773043699999995,-84.2960907,83,45515.547,162.97505
Dublin,"2002 Veterans Blvd, Dublin, GA 31021",32.5406478,-82.9483703,32.5406435,-82.94839110000001,89,55027.293,174.75638
Dwarf House Chick-fil-A Classics Mt. Berry Square,"726 Mount Berry Sq NE, Rome, GA 30165",34.2853865,-85.18810909999999,34.28556890000001,-85.18714969999999,618,310822.03,1213.4769
Dwarf House Shipping Container Drive-Thru,"315 Riverside Pkwy NE, Rome, GA 30161",34.2624016,-85.1706586,34.2624221,-85.17066899999999,419,246518.66,822.7295
Eagles Corner,"333 Tormenta Way, Statesboro, GA 30458",32.410124,-81.79080499999999,,,,,
Eagles Landing,"1275 Eagles Landing Pkwy, Stockbridge, GA 30281",33.5062747,-84.22854009999999,33.5062703,-84.2285411,51,31506.613,100.1413
East Lake,"2105 Roswell Rd, Marietta, GA 30062",33.9665793,-84.4918909,33.9665805,-84.49192529999999,90,52036.465,176.71994
Eisenhower Parkway,"5055 Brookhaven Rd, Macon, GA 31206",32.8111833,-83.7214212,32.8111337,-83.7214192,69,41403.22,135.48529
Ellijay,"475 Howard Simmons Rd, Ellijay, GA 30540",34.6584596,-84.4927554,34.6584548,-84.49278780000002,123,67365.49,241.51724
Epps Bridge,"1870 Epps Bridge Pkwy, Athens, GA 30606",33.9170969,-83.4428769,33.917099900000004,-83.442875,97,58934.31,190.46483
Fairburn,"7810 Senoia Rd, Fairburn, GA 30213",33.5435184,-84.5762541,33.5435059,-84.57629770000001,72,42196.79,141.37595
Fairburn Road Drive-Thru Only,"5888 Fairburn Rd, Douglasville, GA 30134",33.75081790000001,-84.7265974,33.7508397,-84.7265752,5,2906.8384,9.817774
Fayetteville Dwarf House,"221 Banks Sta, Fayetteville, GA 30214",33.467444,-84.446589,33.4674951,-84.4465278,205,115402.95,402.52875
Fayetteville Towne Center,"875 Glynn St S, Fayetteville, GA 30214",33.4298632,-84.45870169999999,33.4298611,-84.45870029999999,82,48448.08,161.0115
Forest Park Dwarf House,"4959 Jonesboro Rd, Forest Park, GA 30297",33.6190338,-84.351778,33.6190346,-84.35174839999999,127,75241.15,249.37146
Forsyth [GA],"101 Industrial Park Dr, Forsyth, GA 31029",33.0269482,-83.91425079999999,33.027423899999995,-83.9129318,7,4204.831,13.7448845
Fort Oglethorpe,"1137 Battlefield Pkwy, Fort Oglethorpe, GA 30742",34.9531909,-85.2451405,34.9531868,-85.2451406,71,39781.54,139.4124
Fort Valley State University,"1005 State University Dr, Fort Valley, GA 31030",32.541077,-83.89598769999999,,,,,
Gainesville West,"805 Dawsonville Hwy, Gainesville, GA 30501",34.2968468,-83.8558336,34.2968384,-83.8558376,84,50256.03,164.93861
Georgia College and State University,"231 W Hancock St, Milledgeville, GA 31061",33.0827363,-83.23187229999999,33.0827654,-83.231904,1992,1268119.1,3911.4014
Georgia Gwinnett College,"1000 University Center Ln, Lawrenceville, GA 30043",33.9814112,-84.0000397,33.9814034,-84.0000562,1833,1100394.5,3599.196
Georgia Southern University,"8107 Russell Un, Statesboro, GA 30460",32.4259367,-81.7828033,32.4258921,-81.7831642,146,77060.18,286.67902
Georgia Southern University - Armstrong Campus,"11935 Abercorn St, Savannah, GA 31419",31.978225,-81.16483199999999,31.9782463,-81.16495689999999,2024,1191691.6,3974.235
Georgia Southwestern State University,"800 Gsw State University Dr, Americus, GA 31709",32.05501,-84.2161405,32.055157,-84.21682469999999,638,380895.63,1252.748
Georgia State University,"66 Courtland Street, Atlanta, GA 30303",33.7592065,-84.3840369,33.7593003,-84.38442719999999,85,38222.832,166.90216
Georgia State University - Petit Science Center,"100 Piedmont Avenue SE, Atlanta, GA 30303",33.7510285,-84.38558130000001,33.7508457,-84.38550219999999,782,424878,1535.4999
Georgia Tech,"350 Ferst Dr NW, Atlanta, GA 30332",33.7742484,-84.398842,33.7739994,-84.3986637,1903,1123176.9,3736.6448
Glenwood Place,"401 Bill Kennedy Way SE, Atlanta, GA 30316",33.7423181,-84.3584968,33.742316599999995,-84.3584861,104,57942.8,204.2097
Godley Station,"205 Grand Central Boulevard, Pooler, GA 31322",32.131333,-81.25762499999999,32.131787599999996,-81.2575511,704,434590.63,1382.3427
Grady Memorial Hospital,"80 Jesse Hill Jr Dr Se, Atlanta, GA 30303",33.7514934,-84.3826634,33.751743399999995,-84.3820892,4060,2092196,7972.0327
Griffin,"1000 W Taylor St, Griffin, GA 30223",33.2470719,-84.2785214,33.2470779,-84.2785139,202,113308.73,396.6381
Grovetown,"210 Meridian Dr, Grovetown, GA 30813",33.4786328,-82.1984083,33.4788093,-82.19693199999999,164,99105.02,322.023
Gulfstream Aerospace,"500 Gulfstream Rd, Savannah, GA 31408",32.1391744,-81.1972886,32.139071699999995,-81.1972839,1076,671877.4,2112.785
Halcyon,"6105 Ollie Walk, Alpharetta, GA 30005",34.0952227,-84.21734029999999,34.095267,-84.2173837,62,28950.945,121.7404
Hamilton Mill,"2635 Hamilton Mill Rd, Buford, GA 30519",34.0793743,-83.917723,34.0793739,-83.91771829999999,94,51492.2,184.57416
Hartsfield-Jackson Atlanta Int'l Airport - Conc A,"6000 N Terminal Pkwy, Atlanta, GA 30320",33.641392,-84.445118,33.6418743,-84.4464593,102,56395.777,200.2826
Hartsfield-Jackson Atlanta Int'l Airport - Conc C,"7700 Spine Rd, Atlanta, GA 30320",33.64,-84.44,33.6404227,-84.4391842,9085,5415607.5,17838.896
Hickory Flat,"6114 Hickory Flat Hwy, Canton, GA 30115",34.1765998,-84.42100049999999,34.1766392,-84.4212988,69,33290.668,135.48529
Hills and Dales,"2110 Vernon Street, Lagrange, GA 30240",33.03462750000001,-85.0623713,,,,,
Hinesville,"877 W Oglethorpe Hwy, Hinesville, GA 31313",31.82152689999999,-81.6003522,31.8217126,-81.60023869999999,35,17843.816,68.72442
Hiram,"5223 Jimmy Lee Smith Parkway, Hiram, GA 30141",33.8876781,-84.7411929,33.8877805,-84.74086129999999,47,19008.758,92.28708
Howell Mill,"1942 Howell Mill Rd NW, Atlanta, GA 30318",33.8076775,-84.413082,33.8076602,-84.4129258,61,35797.527,119.77685
Hwy 96 and Houston Lake,"790 Highway 96, Bonaire, GA 31005",32.5539073,-83.6605872,32.5539117,-83.660594,87,51457.85,170.82927
Jefferson (GA),"156 Old Farm Road, Jefferson, GA 30549",34.123837,-83.604289,34.1236191,-83.60636439999999,562,351173.56,1103.5178
Jesse Jewell Parkway,"1917 Jesse Jewell Pkwy NE, Gainesville, GA 30501",34.3136392,-83.7962672,34.3132602,-83.79680259999999,280,172972.8,549.79535
Jett Ferry Road,"2480 Jett Ferry Rd, Dunwoody, GA 30338",33.9585312,-84.3029171,33.958534199999995,-84.30291319999999,116,66354.45,227.77237
Jimmy Carter Blvd.,"5455 Jimmy Carter Blvd, Norcross, GA 30093",33.9078235,-84.2055754,33.9078374,-84.2056159,76,44303.074,149.23016
Jodeco Road,"2155 Jodeco Rd, McDonough, GA 30253",33.4807281,-84.2231011,33.4819907,-84.2233526,37,20519.215,72.65153
Johns Creek,"3643 Peachtree Pkwy, Suwanee, GA 30024",34.0707055,-84.16637109999999,34.0707423,-84.1664157,112,65041.832,219.91815
Jonesboro Dwarf House,"7348 Tara Blvd, Jonesboro, GA 30236",33.553919,-84.36965409999999,33.5539213,-84.3696418,125,74566.734,245.44435
Kedron Village,"1100 N Peachtree Pkwy, Peachtree City, GA 30269",33.4405206,-84.59080589999999,33.4405184,-84.59080259999999,88,53114.7,172.79283
Kennesaw State University,"395 Cobb Ave NW, Kennesaw, GA 30144",34.0387489,-84.5830539,34.0384678,-84.5830737,1671,954992.1,3281.1
Kennesaw State University - Marietta,"1100 S Marietta Pkwy SE, Marietta, GA 30060",33.939042,-84.51909649999999,33.9390223,-84.51923699999999,502,296277.34,985.7045
Kingsland,"113 Lakes Blvd, Kingsland, GA 31548",30.7889277,-81.65117579999999,30.788933299999997,-81.65117289999999,152,94803.836,298.46033
Kroger/W. Marietta Crossing,"1000 Whitlock Ave NW, c/o Kroger Store GA-455",33.9533355,-84.5812941,33.9532889,-84.58140499999999,3379,2046561.5,6634.852
LaFayette Parkway,"1574 Lafayette Pkwy, Lagrange, GA 30241",33.0415283,-84.9745488,33.041533099999995,-84.97456439999999,104,61422.875,204.2097
Lake Dow,"860 Highway 81 E, McDonough, GA 30252",33.4393004,-84.122894,33.4392959,-84.12289489999999,72,43574.133,141.37595
Lake Oconee [GA],"2521 Towne Center Pkwy, Greensboro, GA 30642",33.541714,-83.20786,33.5425024,-83.2073616,29,17524.266,56.943092
Lake Park,"1015 Lakes Blvd, Lake Park, GA 31636",30.6828121,-83.2173825,30.682791399999996,-83.2178179,207,129676.625,406.45584
LakePoint,"94 Old Allatoona Rd SE, Cartersville, GA 30121",34.120328,-84.7458339,34.1203062,-84.74585040000001,114,66422.89,223.84526
Larry Mulkey Memorial Rd,"725 Atlanta Hwy, Cumming, GA 30040",34.1846087,-84.14635799999999,34.184633999999996,-84.1463685,140,74435.27,274.89767
Lassiter,"3046 Shallowford Rd, Marietta, GA 30062",34.0359969,-84.4611086,34.0359948,-84.4611097,77,44056.65,151.19373
Lavonia [GA],"20 Owens Dr, Lavonia, GA 30553",34.4480859,-83.12954669999999,34.4477725,-83.1293536,161,100397.32,316.13232
Lee Crossings,"1202 US Highway 19 S, Leesburg, GA 31763",31.6562022,-84.1736197,31.656230800000003,-84.1735988,99,59880.215,194.39194
Lenox Square,"3393 Peachtree Rd NE, Atlanta, GA 30326",33.8467259,-84.36241989999999,33.846550199999996,-84.3623738,24572,14821675,48248.47
Lilburn,"4801 Lawrenceville Hwy NW, Lilburn, GA 30047",33.8951128,-84.1410089,33.8951267,-84.14101099999999,77,43260.973,151.19373
Line Creek,"2720 Highway 54, Peachtree City, GA 30269",33.3962202,-84.60016019999999,33.396220899999996,-84.6001604,128,72923.125,251.33502
Locust Grove,"1005 Bandy Pkwy, Locust Grove, GA 30248",33.3516841,-84.12860309999999,33.3522781,-84.12894829999999,67,41728.82,131.55818
Loganville,"4321 Atlanta Hwy, Loganville, GA 30052",33.839706,-83.910068,33.8406854,-83.90874699999999,156,91570.76,306.31454
Lovejoy Station,"11161 Tara Blvd, Hampton, GA 30228",33.4494088,-84.32599359999999,33.4494079,-84.32599789999999,78,47582.563,153.15727
Lulah Hills,"3795 N Druid Hills Rd, Decatur, GA 30033",33.8114063,-84.2787525,33.8114075,-84.2787546,366,210982.67,718.6611
Macland Crossing,"2005 Macland Crossing Cir SW, Marietta, GA 30008",33.9046893,-84.6034857,33.9046888,-84.6035162,80,43706.3,157.08438
Macon Road,"2421 Wynnton Rd, Columbus, GA 31906",32.4719888,-84.9562527,32.472017199999996,-84.95626209999999,91,53144,178.68349
Madison (GA),"1781 Eatonton Rd, Madison, GA 30650",33.5637543,-83.4790453,33.5637658,-83.47907909999999,96,56886.36,188.50127
Mall of Georgia,"3333 Buford Dr Spc No1071, Buford, GA 30519",34.0662711,-83.98427459999999,34.0648562,-83.9843728,24584,14673355,48272.03
Mall of Georgia on Buford Drive,"3235 Buford Dr, Buford, GA 30519",34.0645016,-83.9889993,34.0644989,-83.9889887,133,72900.31,261.1528
Manchester Expressway,"2730 Manchester Expy, Columbus, GA 31904",32.5060192,-84.95222969999999,32.5059598,-84.9522684,2479,1554896.9,4867.6523
McDonough,"1321 Highway 20 W, McDonough, GA 30253",33.4242934,-84.1834411,33.424280599999996,-84.18344019999999,91,53882.875,178.68349
Memorial Drive,"5542 Memorial Dr, Stone Mountain, GA 30083",33.8012663,-84.21178499999999,33.801277999999996,-84.21179389999999,66,36823.6,129.59462
Mercedes-Benz Stadium,"441 Martin Luther King Jr Dr NW, Atlanta, GA 30313",33.7556317,-84.401696,33.755446299999996,-84.4008144,11554,6704390,22686.912
Mercer University,"1400 Coleman Ave, Macon, GA 31207",32.8293681,-83.6515137,32.8293713,-83.6515129,5367,3298339,10538.399
Midland,"6501 Kitten Lake Dr, Midland, GA 31820",32.5395648,-84.8690634,32.539564399999996,-84.8690609,95,55470.953,186.5377
Midtown Savannah,"7 E Derenne Ave, Savannah, GA 31405",32.0283957,-81.110362,32.028518,-81.1106447,39,22275.928,76.578636
Milledgeville,"1730 N Columbia St, Milledgeville, GA 31061",33.1006343,-83.24818669999999,33.1006309,-83.24820009999999,107,65360.09,210.10037
Monroe (GA),"620 Highway 138, Monroe, GA 30655",33.7958305,-83.7413,33.7958255,-83.74130509999999,91,53854.62,178.68349
Moore Road,"1035 Peachtree Industrial Blvd, Suwanee, GA 30024",34.0520231,-84.0901252,34.052028199999995,-84.0900942,81,46875.35,159.04794
Moultrie,"502 Lane St, Moultrie, GA 31768",31.1733741,-83.7624676,31.1733813,-83.7625091,104,62327.855,204.2097
Mullins Crossing,"4201 Washington Rd, Evans, GA 30809",33.5253146,-82.11951030000002,33.525279999999995,-82.1194893,95,53914.117,186.5377
North Dalton,"1275 N Glenwood Ave, Dalton, GA 30721",34.7957762,-84.9627455,34.795405699999996,-84.96311539999999,865,512384.06,1698.475
North Decatur,"650 Decatur Village Way, Decatur, GA 30033",33.7956905,-84.2859355,33.7957284,-84.2858057,131,75068.47,257.22568
North Druid Hills,"2340 N Druid Hills Rd NE, Atlanta, GA 30329",33.8272527,-84.32876580000001,33.8275986,-84.32863499999999,121,69836.055,237.59013
North Point Mall,"2180 N Point Cir, Alpharetta, GA 30022",34.0486398,-84.29384900000001,34.048435,-84.2945933,22518,13409740,44215.33
North Point Parkway,"6085 N Point Pkwy, Alpharetta, GA 30022",34.0485477,-84.288524,34.0484262,-84.28851019999999,185,104060.69,363.25766
North Valdosta,"3147 Inner Perimeter Rd, Valdosta, GA 31602",30.8798963,-83.29693979999999,30.879910799999998,-83.2969127,97,60999.668,190.46483
Northeast Georgia Medical Center,"743 Spring St NE, Gainesville, GA 30501",34.3034084,-83.8164795,34.3034167,-83.8164437,426,258201.75,836.47437
Northlake Festival,"3967 Lavista Rd, Tucker, GA 30084",33.8459618,-84.2525325,33.8459844,-84.2525031,83,48909.37,162.97505
Northridge Drive-Thru Only,"8433 Roswell Rd, Atlanta, GA 30350",33.9843802,-84.3499405,33.9843646,-84.34993759999999,48,27306.402,94.25063
Oakwood,"3437 Winder Hwy, Flowery Branch, GA 30542",34.2185701,-83.8607145,34.2185649,-83.8607681,114,64812.152,223.84526
Outlet Shoppes at Atlanta,"951 Ridgewalk Pkwy, Woodstock, GA 30188",34.1229958,-84.52545549999999,34.1229905,-84.5254621,79,46896.156,155.12083
Peach Orchard Road,"3130 Peach Orchard Rd, Augusta, GA 30906",33.41031359999999,-82.0260933,33.4098243,-82.0264177,168,99425.17,329.87723
Peachtree at Collier,"1901 Peachtree Rd NE, Atlanta, GA 30309",33.8070022,-84.3935434,33.8069352,-84.3934882,140,80253.28,274.89767
Peachtree Center,"225 Peachtree St NE # B-40, Atlanta, GA 30303",33.7602157,-84.38708489999999,33.7603496,-84.3868035,3058,1399986.6,6004.551
Peachtree City Midtown,"707 Highway 54, Peachtree City, GA 30269",33.4096653,-84.5673636,33.4097819,-84.5672633,73,41522.406,143.33951
Peachtree Corners,"6105 Peachtree Pkwy, Norcross, GA 30092",33.9532887,-84.2346827,33.9532885,-84.2346731,67,39477.508,131.55818
Peachtree Ind. & Pleasant Hill,"3555 Peachtree Industrial Blvd, Duluth, GA 30096",34.0015621,-84.16973469999999,34.0015691,-84.16972000000001,65,36622.473,127.631065
Perimeter at Hammond Drive,"4350 Ashford Dunwoody Rd NE, Atlanta, GA 30346",33.9209789,-84.34151059999999,33.920990499999995,-84.3415795,146,78886.08,286.67902
Perimeter Mall,"4400 Ashford Dunwoody Rd Ne, Atlanta, GA 30346",33.9235924,-84.3407299,33.923739999999995,-84.34124100000001,26783,15927622,52589.89
Perimeter Pointe,"1145 Mount Vernon Hwy, Dunwoody, GA 30338",33.9340607,-84.3500172,33.9340635,-84.3500172,68,37794.38,133.52173
Piedmont Augusta,"1350 Walton Way, Augusta, GA 30901",33.4711803,-81.9830535,33.4707824,-81.9828773,8491,4810708.5,16672.545
Piedmont Road,"2580 Piedmont Rd NE, Atlanta, GA 30324",33.8253802,-84.3676143,33.8254166,-84.3676705,97,49309.934,190.46483
Pike Street,"680 Duluth Hwy, Lawrenceville, GA 30046",33.965634,-84.0108554,33.965623199999996,-84.0108734,83,47837.023,162.97505
Pleasant Hill Dwarf House,"1570 Pleasant Hill Rd, Duluth, GA 30096",33.9437208,-84.1232517,33.9437236,-84.1232275,184,104319.17,361.2941
Ponce & Boulevard,"689 Boulevard NE, Atlanta, GA 30308",33.7735229,-84.3704882,33.7734844,-84.3704668,26,14283.605,51.052425
Pooler,"180 Pooler Pkwy, Pooler, GA 31322",32.1413925,-81.2457079,32.141356,-81.24572460000002,71,41628.703,139.4124
Poplar Road,"2090 Newnan Crossing Blvd E, Newnan, GA 30265",33.3737599,-84.7539513,33.3734842,-84.75332370000001,110,67304.4,215.99103
RELO Larry Mulkey Memorial Rd,"725 Atlanta Hwy, Cumming, GA 30040",34.1846087,-84.14635799999999,34.184633999999996,-84.1463685,140,74435.27,274.89767
RELO Wesley Chapel Road,"2452 Wesley Chapel Rd, Decatur, GA 30035",33.7158201,-84.2149111,33.715783099999996,-84.214882,166,101357.69,325.9501
Rincon,"5438 GA Highway 21 S, Rincon, GA 31326",32.27469,-81.2291612,32.2746741,-81.22917180000002,116,68412.91,227.77237
Riverdale Dwarf House,"6549 Highway 85, Riverdale, GA 30274",33.5756325,-84.4129688,33.5756304,-84.4129792,123,73317.88,241.51724
Rivermont Station,"8475 Holcomb Bridge Rd, Alpharetta, GA 30022",33.9866992,-84.27047089999999,33.9867037,-84.2705095,64,35667.434,125.66751
Riverstone Parkway,"1459 Riverstone Pkwy, Canton, GA 30114",34.2523813,-84.47300489999999,34.2523787,-84.47303989999999,143,76549.45,280.78833
Rockmart,"1500 Chattahoochee Dr, Rockmart, GA 30153",34.0087197,-85.0320792,34.00866,-85.03208359999999,140,81668.41,274.89767
Roswell Corners,"1185 Woodstock Rd, Roswell, GA 30075",34.0621543,-84.3994142,34.062207199999996,-84.3994321,85,48708.418,166.90216
Roswell Road at Cobb Parkway,"1110 Roswell Rd, Marietta, GA 30062",33.9505432,-84.5190808,33.950539,-84.51909839999999,181,101911.734,355.40344
Roswell Town Center,"604 Holcomb Bridge Rd, Roswell, GA 30076",34.0370708,-84.3427064,34.037075,-84.34271059999999,59,34172.184,115.84974
Russell Parkway,"621 Russell Pkwy, Warner Robins, GA 31088",32.5934027,-83.63377969999999,32.593402,-83.63378089999999,209,120679.92,410.38297
Saint Simons,"2205 Demere Rd, Saint Simons Island, GA 31522",31.1597168,-81.39015069999999,31.1597011,-81.3901557,75,48569.58,147.26662
Salem Bridge [GA],"12920 Brown Bridge Rd, Covington, GA 30016",33.57893749999999,-83.9620042,33.5788812,-83.9619903,152,84055.56,298.46033
Sam Nunn Blvd,"1600 Sam Nunn Blvd, Perry, GA 31069",32.474614,-83.7463609,32.475147299999996,-83.74670549999999,1073,675707.56,2106.8943
Sandy Springs,"5925 Roswell Rd Ste C, Atlanta, GA 30328",33.9177048,-84.3786616,33.9177102,-84.3786691,98,55958.34,192.42838
Sanford Stadium,"280 E Campus Rd, Athens, GA 30602",33.9491241,-83.3722039,33.9496792,-83.37306629999999,9592,5437588.5,18834.418
Savannah Quarters,"2021 Pooler Pkwy, Pooler, GA 31322",32.080264,-81.28109529999999,32.0804902,-81.2823485,100,62737.027,196.35548
Savannah State University,"3219 College St, Savannah, GA 31404",32.0226891,-81.0562569,32.0226824,-81.0562642,2287,1468480.5,4490.65
Scenic Highway,"1559 Scenic Hwy N, Snellville, GA 30078",33.8876953,-84.0100911,33.887633199999996,-84.01003949999999,146,88164.48,286.67902
Senoia,"7996 Wells St, Senoia, GA 30276",33.2953795,-84.5469523,33.2943806,-84.5468952,111,67252.38,217.95459
Smyrna (GA),"5120 S Cobb Dr SE, Smyrna, GA 30080",33.8282334,-84.492564,33.8282036,-84.4926344,22,12006.386,43.198208
Snellville at Hwy 78,"3090 Stone Mountain Hwy, Snellville, GA 30078",33.8522396,-84.0401766,33.8519942,-84.0402505,140,80715.93,274.89767
South Cobb Drive,"3100 S Cobb Dr SE, Smyrna, GA 30080",33.877978,-84.532876,33.8778885,-84.5330587,118,69123.89,231.69948
South Dublin,"2242 US Highway 441 S, Dublin, GA 31021",32.4855234,-82.9353987,32.4855228,-82.9353704,299,189225.08,587.1029
South Fulton Parkway at 92,"5395 Thompson Road, South Fulton, GA 30213",33.6131526,-84.611463,33.6127034,-84.6115731,123,72745.23,241.51724
Sprayberry,"2530 Sandy Plains Rd, Marietta, GA 30066",34.01262639999999,-84.49535519999999,34.0125999,-84.49536490000001,86,48826.563,168.86572
St. Augustine Road,"1100 N Saint Augustine Rd, Valdosta, GA 31601",30.8394628,-83.3203329,30.839451399999998,-83.3202469,116,74605.695,227.77237
Starr's Mill,"1222 Highway 74 S, Peachtree City, GA 30269",33.3426618,-84.53430089999999,33.3426463,-84.5342826,80,45909.7,157.08438
State Farm Arena,"1 State Farm Drive, Atlanta, GA 30303",33.7574059,-84.3962337,33.7572245,-84.3963828,6930,4098062.8,13607.436
Statesboro,"352 Northside Dr E, Statesboro, GA 30458",32.4379362,-81.7610773,32.4379339,-81.76110299999999,64,38408.477,125.66751
Stone Mountain,"5075 Stone Mountain Hwy, Stone Mountain, GA 30087",33.82486859999999,-84.10579249999999,33.8248807,-84.1058077,122,70067.99,239.5537
Stonebridge Village,"5905 Spout Springs Rd, Flowery Branch, GA 30542",34.1775873,-83.9108937,34.177583399999996,-83.91090349999999,60,32952.918,117.81329
Sugarloaf & 316,"4965 Sugarloaf Pkwy, Lawrenceville, GA 30044",33.9574192,-84.0576919,33.957432,-84.05771539999999,83,46834.188,162.97505
Sugarloaf and Satellite,"2000 Satellite Blvd, Duluth, GA 30097",33.988337,-84.0878824,33.9882975,-84.0878872,223,133420.33,437.87274
Suwanee Road,"3156 Lawrenceville Suwanee Rd, Suwanee, GA 30024",34.0334045,-84.0517404,34.0333654,-84.0517854,180,108107.734,353.43988
Terminus In-Line,"3280 Peachtree Rd NE Ste 105, Atlanta, GA 30305",33.8444339,-84.3707775,33.8445217,-84.3711058,470,196036.05,922.8708
Terrell Mill,"1440 Terrell Mill Rd SE, Marietta, GA 30067",33.9173643,-84.4686658,33.9172967,-84.46857200000001,59,36229.117,115.84974
The Collection Forsyth,"430 Peachtree Pkwy, Cumming, GA 30041",34.1528564,-84.1748475,34.1528335,-84.1748357,160,94054.2,314.16876
The Dwarf House,"461 N Central Ave, Hapeville, GA 30354",33.6563813,-84.4040004,33.6565454,-84.4039102,451,261960.56,885.56323
The Mall at Stonecrest,"2929 Turner Hill Rd Ste 2550, Lithonia, GA 30038",33.7033886,-84.08875309999999,33.7018719,-84.0891912,120,75251.266,235.62659
Thomaston [GA],"1054 Highway 19 N, Thomaston, GA 30286",32.9221459,-84.3332262,32.9221445,-84.3333677,37,22891.35,72.65153
Thomasville,"15062 US Highway 19 S, Thomasville, GA 31757",30.8543477,-83.9450736,30.8543521,-83.9450646,119,72899.33,233.66302
Thomson,"1806 Washington Rd, Thomson, GA 30824",33.5056781,-82.5022468,33.505676199999996,-82.5022501,114,68101.516,223.84526
Thornton Road,"835 Thornton Rd, Lithia Springs, GA 30122",33.7821017,-84.6097207,33.7821077,-84.6097171,71,41708.293,139.4124
Tifton,"1197 US Highway 82 W, Tifton, GA 31793",31.4505872,-83.5315916,31.450723699999998,-83.53125340000001,56,35137.836,109.959076
Toccoa [GA],"605 Big A Rd, Toccoa, GA 30577",34.5746448,-83.31218109999999,34.574643699999996,-83.31215859999999,184,107002.766,361.2941
Tom Hill Sr Blvd,"140 Tom Hill Sr Blvd, Macon, GA 31210",32.9002989,-83.6886147,32.9003059,-83.6886293,67,39828.258,131.55818
Town Center At Cobb,"400 Ernest W Barrett Pkwy NW, Kennesaw, GA 30144",34.0177099,-84.5644745,34.017963,-84.5642074,18821,11327346,36956.066
Towne Lake,"3070 Eagle Dr, Woodstock, GA 30189",34.1111007,-84.5555808,34.1109872,-84.5556603,78,47269.64,153.15727
Truett's Chick-fil-A - Newnan,"505 Highway 34 E, Newnan, GA 30265",33.3913829,-84.76293679999999,33.391473399999995,-84.7630607,239,138593.19,469.2896
Truett's Chick-fil-A - Rome,"264 Shorter Ave NW, Rome, GA 30165",34.2635019,-85.1883477,34.2634141,-85.1882205,202,117137.32,396.6381
Truett's Chick-fil-A - Stockbridge,"3649 Highway 138 SE, Stockbridge, GA 30281",33.5530361,-84.27185449999999,33.5530517,-84.2718643,193,111436.23,378.9661
Truett's Chick-fil-A - Woodstock,"9728 Highway 92, Woodstock, GA 30188",34.0857069,-84.52688599999999,34.085672300000006,-84.526901,224,125136.97,439.8363
Truett's Chick-fil-A Catering & Delivery - VA Ave,"801 Virginia Ave, Hapeville, GA 30354",33.6599878,-84.4157379,33.6599949,-84.4157352,80,49367.066,157.08438
Truett's Grill - Griffin,"1455 N Expressway, Griffin, GA 30223",33.2730184,-84.2928996,33.2729755,-84.2929716,152,90534.9,298.46033
Truett's Grill - McDonough,"1785 Jonesboro Rd, McDonough, GA 30253",33.4630963,-84.21463779999999,33.4630931,-84.2146267,143,84368.24,280.78833
Truett's Grill - Morrow,"2042 Mount Zion Rd, Morrow, GA 30260",33.5625407,-84.3232185,33.5626118,-84.3231611,113,65728.74,221.8817
Truett's Luau,"600 Lanier Ave W Ste 103, Fayetteville, GA 30214",33.4465449,-84.4677301,33.4464779,-84.4675499,343,208652.23,673.4993
Truist Park,"755 Battery Ave SE, Atlanta, GA 30339",33.889928,-84.4686388,33.889804999999996,-84.4690488,19,8589.278,37.30754
Tucker Hugh Howell Road,"4435 Hugh Howell Rd, Tucker, GA 30084",33.8498985,-84.2072209,33.85011670000001,-84.2072314,224,119624.35,439.8363
Turner Hill Road,"2985 Turner Hill Rd, Lithonia, GA 30038",33.7033774,-84.0887535,33.7018719,-84.0891912,120,75251.266,235.62659
Union Grove Crossroads,"1940 Highway 155 N, McDonough, GA 30252",33.5053416,-84.1415761,33.505834799999995,-84.1410451,255,161208.28,500.70648
University of Georgia,"45 Baxter St, Athens, GA 30602",33.9504571,-83.3750135,33.9504431,-83.3750144,2213,1342814.8,4345.3467
University of West Georgia,"Campus Dining, Carrollton, GA 30118",33.5718188,-85.098004,33.571715499999996,-85.0981261,378,232131.94,742.22375
Valdosta State University - Student Union,"1500 N Patterson St, Valdosta, GA 31698",30.8471668,-83.2891918,30.8471734,-83.2891934,2087,1315139.5,4097.939
Victory at Skidaway,"2111 E Victory Dr, Savannah, GA 31404",32.0403145,-81.0634522,32.0403228,-81.06345720000002,85,51747.813,166.90216
Vidalia,"2349 E 1st St, Vidalia, GA 30474",32.2074694,-82.3816425,32.2074572,-82.38166199999999,95,57328.06,186.5377
Villa Rica,"85 Commerce Dr, Villa Rica, GA 30180",33.7289919,-84.9407013,33.7289725,-84.9406973,127,69824.97,249.37146
Vine City,"875 Martin Luther King Jr Dr NW, Atlanta, GA 30314",33.7550103,-84.41578799999999,33.7550131,-84.4158132,122,69867.71,239.5537
Vinings,"2485 Cumberland Pkwy SE, Atlanta, GA 30339",33.864036,-84.4775757,33.86402410000001,-84.4776024,114,65298.063,223.84526
Washington Road,"3066 Washington Rd, Augusta, GA 30907",33.5129373,-82.0518513,33.5129369,-82.05185159999999,87,51922.6,170.82927
Watson Blvd,"3000 Watson Blvd, Warner Robins, GA 31093",32.6180029,-83.6914223,32.6180072,-83.6914209,1238,787768.56,2430.8809
Waycross,"2256 Memorial Dr, Waycross, GA 31501",31.1985349,-82.3257837,31.198527300000002,-82.3257754,98,59021.598,192.42838
Wesley Chapel Road,"2452 Wesley Chapel Rd, Decatur, GA 30035",33.7158201,-84.2149111,33.715783099999996,-84.214882,166,101357.69,325.9501
West Cobb,"2555 Dallas Hwy SW, Marietta, GA 30064",33.9458146,-84.6263707,33.945812,-84.6263649,88,50073.066,172.79283
West Midtown,"1100 Northside Dr NW, Atlanta, GA 30318",33.7848124,-84.40799919999999,33.7848168,-84.4080129,110,61202.96,215.99103
West Paces Ferry,"3419 Northside Pkwy NW, Atlanta, GA 30327",33.8474365,-84.4288306,33.8474375,-84.42883119999999,45,22614.521,88.35997
Winder,"97 Shephard Lane, Bethlehem, GA 30620",33.9473928,-83.75448659999999,,,,,
Windward Parkway,"5180 Windward Pkwy, Alpharetta, GA 30004",34.09262289999999,-84.2765404,34.0926495,-84.27649919999999,137,77549.15,269.00702
Windy Hill Road,"2661 Windy Hill Rd SE, Marietta, GA 30067",33.9016453,-84.4781228,33.9016428,-84.4781519,134,75935.336,263.11636
Woodlawn Square,"1201 Johnson Ferry Rd, Marietta, GA 30068",33.9778687,-84.41824249999999,33.9779799,-84.41846749999999,133,75622.65,261.1528
Young Harris College,"228 Maple Street, Young Harris, GA 30582",34.9334709,-83.84591549999999,34.9334797,-83.8458714,1233,689763.6,2421.0632
Zebulon Road,"5920 Zebulon Rd, Macon, GA 31210",32.8794141,-83.75831640000001,32.8794088,-83.7582932,55,33237.9,107.995514
